<?xml version="1.0" encoding="UTF-8"?>
<beans xmlns="http://www.springframework.org/schema/beans"
	xmlns:xsi="http://www.w3.org/2001/XMLSchema-instance"
	xmlns:util="http://www.springframework.org/schema/util"
	xsi:schemaLocation="
        http://www.springframework.org/schema/beans http://www.springframework.org/schema/beans/spring-beans.xsd
        http://www.springframework.org/schema/util http://www.springframework.org/schema/util/spring-util.xsd"> <!-- bean definitions here -->

	<bean id="engine" class="springcore.Engine">
		<property name="fuel" value="petrol"></property>
		<property name="strokes" value="5"></property>
		<property name="cylinders" value="4"></property>
	</bean>
	<bean id="car" class="springcore.Car" autowire="byName">
		<property name="model" value="2022"></property>
		<property name="color" value="5"></property>
		
	</bean>



</beans>